{"cameraMode":{"drawMode":0,"name":"Shaded","section":"Shading Mode"},"sceneLighting":true,"audioPlay":false,"sceneViewState":{"m_AlwaysRefresh":true,"showFog":true,"showSkybox":true,"showFlares":true,"showImageEffects":true,"showParticleSystems":true,"showVisualEffectGraphs":true,"m_FxEnabled":true},"in2DMode":false,"pivot":{"x":914.7683715820313,"y":58.201210021972659,"z":993.5418090820313},"rotation":{"x":0.06388482451438904,"y":0.16421648859977723,"z":-0.010638792999088765,"w":0.9843063950538635},"size":1.1277904510498047,"orthographic":false}