{"cameraMode":{"drawMode":0,"name":"Shaded","section":"Shading Mode"},"sceneLighting":true,"audioPlay":false,"sceneViewState":{"m_AlwaysRefresh":true,"showFog":true,"showSkybox":true,"showFlares":true,"showImageEffects":true,"showParticleSystems":true,"showVisualEffectGraphs":true,"m_FxEnabled":true},"in2DMode":false,"pivot":{"x":662.4971923828125,"y":113.96503448486328,"z":813.2048950195313},"rotation":{"x":0.05828627198934555,"y":0.12872913479804994,"z":-0.0075704422779381279,"w":0.9899443984031677},"size":0.8660253882408142,"orthographic":false}