{"cameraMode":{"drawMode":0,"name":"Shaded","section":"Shading Mode"},"sceneLighting":false,"audioPlay":false,"sceneViewState":{"m_AlwaysRefresh":true,"showFog":true,"showSkybox":false,"showFlares":true,"showImageEffects":true,"showParticleSystems":true,"showVisualEffectGraphs":true,"m_FxEnabled":true},"in2DMode":false,"pivot":{"x":-0.06625962257385254,"y":1.0477752685546876,"z":0.15827655792236329},"rotation":{"x":-0.026627192273736,"y":-0.9053098559379578,"z":0.057391207665205,"w":-0.42001792788505556},"size":1.8883222341537476,"orthographic":false}